{"graph": {"_type": "graph-file", "sha256": "92b76b7e59e7214e00fe1f4c7eb54545e4e5c6134ccb6bd90f08a4278d23dafc", "size": 4922, "path": "media/graph/graph_summary_92b76b7e59e7214e00fe.graph.json"}, "epoch": 0, "_timestamp": 1730309460.1780128, "loss": 2.8137476444244385, "main_output_loss": 0.7001358270645142, "sub_output_loss": 2.1136116981506348, "main_output_accuracy": 0.530459463596344, "sub_output_accuracy": 0.1311306208372116, "val_loss": 2.7701854705810547, "val_main_output_loss": 0.6915363073348999, "val_sub_output_loss": 2.0786490440368652, "val_main_output_accuracy": 0.49086758494377136, "val_sub_output_accuracy": 0.13013698160648346, "_runtime": 245.45285487174988, "_step": 0, "best_val_loss": 2.7701854705810547, "best_epoch": 0}