{"graph": {"_type": "graph-file", "sha256": "92b76b7e59e7214e00fe1f4c7eb54545e4e5c6134ccb6bd90f08a4278d23dafc", "size": 4922, "path": "media/graph/graph_summary_92b76b7e59e7214e00fe.graph.json"}, "epoch": 275, "_timestamp": 1730290133.548552, "loss": 0.010990181006491184, "main_output_loss": 0.0025552415754646063, "sub_output_loss": 0.008434940129518509, "main_output_accuracy": 1.0, "sub_output_accuracy": 1.0, "val_loss": 0.0019776043482124805, "val_main_output_loss": 0.0009978623129427433, "val_sub_output_loss": 0.000979742151685059, "val_main_output_accuracy": 1.0, "val_sub_output_accuracy": 1.0, "_runtime": 2205.5722839832306, "_step": 275, "best_val_loss": 0.0007725670584477484, "best_epoch": 225, "_wandb": {"runtime": 2215}}