{"graph": {"_type": "graph-file", "sha256": "92b76b7e59e7214e00fe1f4c7eb54545e4e5c6134ccb6bd90f08a4278d23dafc", "size": 4922, "path": "media/graph/graph_summary_92b76b7e59e7214e00fe.graph.json"}, "epoch": 0, "_timestamp": 1730305582.869262, "loss": 2.6802401542663574, "main_output_loss": 0.6693830490112305, "sub_output_loss": 2.010856866836548, "main_output_accuracy": 0.7247706651687622, "sub_output_accuracy": 0.1376146823167801, "val_loss": 2.7437808513641357, "val_main_output_loss": 0.6807541251182556, "val_sub_output_loss": 2.0630266666412354, "val_main_output_accuracy": 1.0, "val_sub_output_accuracy": 0.4615384638309479, "_runtime": 121.48558688163757, "_step": 0, "best_val_loss": 2.7437808513641357, "best_epoch": 0}