{"graph": {"_type": "graph-file", "sha256": "92b76b7e59e7214e00fe1f4c7eb54545e4e5c6134ccb6bd90f08a4278d23dafc", "size": 4922, "path": "media/graph/graph_summary_92b76b7e59e7214e00fe.graph.json"}, "epoch": 1, "_timestamp": 1730310025.676102, "loss": 2.3779313564300537, "main_output_loss": 0.4928843080997467, "sub_output_loss": 1.8850477933883667, "main_output_accuracy": 0.7684563994407654, "sub_output_accuracy": 0.25709861516952515, "val_loss": 2.813020944595337, "val_main_output_loss": 0.7499331831932068, "val_sub_output_loss": 2.0630879402160645, "val_main_output_accuracy": 0.509132444858551, "val_sub_output_accuracy": 0.13013698160648346, "_runtime": 501.8920178413391, "_step": 1, "best_val_loss": 2.734282970428467, "best_epoch": 0}