{"graph": {"_type": "graph-file", "sha256": "92b76b7e59e7214e00fe1f4c7eb54545e4e5c6134ccb6bd90f08a4278d23dafc", "size": 4922, "path": "media/graph/graph_summary_92b76b7e59e7214e00fe.graph.json"}, "epoch": 127, "_timestamp": 1730304443.4349298, "loss": 0.04979453235864639, "main_output_loss": 0.0137356948107481, "sub_output_loss": 0.03605883941054344, "main_output_accuracy": 1.0, "sub_output_accuracy": 1.0, "val_loss": 0.005705839954316616, "val_main_output_loss": 0.003991239238530397, "val_sub_output_loss": 0.0017146008322015405, "val_main_output_accuracy": 1.0, "val_sub_output_accuracy": 1.0, "_runtime": 1536.1018738746643, "_step": 127, "best_val_loss": 0.0047569964081048965, "best_epoch": 101}